{"0": {"image_url": "https://encrypted-tbn0.gstatic.com/images?q=tbn:ANd9GcQcOPt5BMB-KJE8Ws8643sWsDVsA490heCQltwOdrKSBmMhpjb_-XsE8g1WbH4&s", "title": "Archivo:Python-logo-notext....", "url": "es.wikipedia.org", "saved_image_at": "google_images/0.jpeg"}, "1": {"image_url": "https://encrypted-tbn0.gstatic.com/images?q=tbn:ANd9GcRrrIFX3aiAwoKdKu7tQKlCeTPcINBWZBhzACPIfJb1Jsuj_cnH-34Li7HzIg&s", "title": "File:Python logo and...", "url": "commons.wikimedia.org", "saved_image_at": "google_images/1.jpeg"}, "2": {"image_url": "https://encrypted-tbn0.gstatic.com/images?q=tbn:ANd9GcR6k7qtXVrvZ-A78aoStWuHgDtLCaAtfz2i71tgpTPed9tAHBsXCh9irM8_zr4&s", "title": "python-logo | Ingenioteka", "url": "www.ingenioteka.com", "saved_image_at": "google_images/2.png"}, "3": {"image_url": "https://encrypted-tbn0.gstatic.com/images?q=tbn:ANd9GcQaJZF9Y1U2bmShdO_AK0ny0iH05Zwp79fsNwiJZUaGtcECRji2lve6VM-1Mw&s", "title": "Python Logo - PNG y Vector", "url": "es.logodownload.org", "saved_image_at": "google_images/3.jpeg"}, "4": {"image_url": "https://encrypted-tbn0.gstatic.com/images?q=tbn:ANd9GcSeWfrTVuTJ9Vk8xVvEKEe15rHEb7lhDSANWUfUlDMl_iVknm4avQBExuQrfJs&s", "title": "Logo de Python: la historia...", "url": "1000marcas.net", "saved_image_at": "google_images/4.png"}, "5": {"image_url": "https://encrypted-tbn0.gstatic.com/images?q=tbn:ANd9GcTWrhQmEh1_Xy6CuDDKviEnkqalVaEmBdI_RC6jAUXXG_odfcIq2_jC1gobnWM&s", "title": "Python logo vector (.EPS) -...", "url": "anthoncode.com", "saved_image_at": "google_images/5.png"}, "6": {"image_url": "https://encrypted-tbn0.gstatic.com/images?q=tbn:ANd9GcSXIa4jZewWdneeB20GiFSO6w0ukXo7nmA6ezRCSPtueewWp8oXWIHErzpVeA&s", "title": "Archivo:Python.svg -...", "url": "es.m.wikipedia.org", "saved_image_at": "google_images/6.jpeg"}, "7": {"image_url": "https://encrypted-tbn0.gstatic.com/images?q=tbn:ANd9GcT-gWJYodRhz0TS-cw-_PATn7jac09Fy3I8_Ttk6c_3PKzvrbCawQC1VqWf440&s", "title": "python-logo-glassy -...", "url": "evomics.org", "saved_image_at": "google_images/7.jpeg"}, "8": {"image_url": "https://encrypted-tbn0.gstatic.com/images?q=tbn:ANd9GcRQ6HHk23o-BKwPOXUyvMxE5peqBL4XCL57wLfr5CVvfqPLPNuBtI0ihv5gvhw&s", "title": "Fondos de pantalla :...", "url": "wallhere.com", "saved_image_at": "google_images/8.png"}, "9": {"image_url": "https://encrypted-tbn0.gstatic.com/images?q=tbn:ANd9GcRxWqhjyhXdGddLyYf70e3XuG2PlMCBPy-Q2LJlpHXVIa0_f3AysOkTOKiEvMM&s", "title": "Aprender a programar usando...", "url": "www.pngegg.com", "saved_image_at": "google_images/9.jpeg"}, "10": {"image_url": "https://encrypted-tbn0.gstatic.com/images?q=tbn:ANd9GcRf2VgkR1V5ttk2sGZ-ie5j2V9a8ZmVRy0Qs6gFR9OfA5AyWRcRk5byDAo1-w&s", "title": "Logo de Python: la historia...", "url": "1000marcas.net", "saved_image_at": "google_images/10.jpeg"}, "11": {"image_url": "https://encrypted-tbn0.gstatic.com/images?q=tbn:ANd9GcRnw_6-g4KiRw04XfNWv3vwpChIu5Cj9FaBWJAtB7CNpWdoldgvhYDKIrJUrw&s", "title": "Programador profesional...", "url": "www.pngegg.com", "saved_image_at": "google_images/11.png"}, "12": {"image_url": "https://encrypted-tbn0.gstatic.com/images?q=tbn:ANd9GcQakOhPOy9roJ5xO7qEeYecOhXge_ODwgqC2w9-Q4jhErqrOr7dCYA2um5Cwb0&s", "title": "Python, Logotipo,...", "url": "www.freepng.es", "saved_image_at": "google_images/12.png"}, "13": {"image_url": "https://encrypted-tbn0.gstatic.com/images?q=tbn:ANd9GcTwvlBgJBV205-miS17RfaZ_yGFT4QMUoFWnx8lItvhCKneXRXnjfCK6B-vkm8&s", "title": "File:Python icon (black and...", "url": "commons.wikimedia.org", "saved_image_at": "google_images/13.png"}, "14": {"image_url": "https://encrypted-tbn0.gstatic.com/images?q=tbn:ANd9GcTE-8rRP6Hzgkv-uJ7vro4P24T4v15-aPUM5UxUCEUEjN-IuO5wkZLyIhf2CQ&s", "title": "Logo de python png |...", "url": "www.klipartz.com", "saved_image_at": "google_images/14.png"}, "15": {"image_url": "https://encrypted-tbn0.gstatic.com/images?q=tbn:ANd9GcTVG4n4rXUSYzJMYWaunNkw2xTHs6GVE9H82D0UBJ_BIJH6FBPUemx0fuouYp8&s", "title": "Python computer icons...", "url": "www.klipartz.com", "saved_image_at": "google_images/15.png"}, "16": {"image_url": "https://encrypted-tbn0.gstatic.com/images?q=tbn:ANd9GcTcLej4uE7TeUBbafsdOcPql0plzubfeIx-GlUTzT8nNrnnIVsV9P6oj8CskKk&s", "title": "Python, Lenguaje De...", "url": "www.freepng.es", "saved_image_at": "google_images/16.png"}, "17": {"image_url": "https://encrypted-tbn0.gstatic.com/images?q=tbn:ANd9GcSr_ZmkoaiZE1n3w63t6nniAyPdMwFKT3Mtf6EuSGxsTPiWPSuk83WpPsRS5A&s", "title": "python logo - B\ufffdsqueda de...", "url": "www.pinterest.es", "saved_image_at": "google_images/17.jpeg"}, "18": {"image_url": "https://encrypted-tbn0.gstatic.com/images?q=tbn:ANd9GcS3auWoAGnSeh_RlKc36hupysy6yP_Fx2v2ofzX2Z8dnleNVdcmM-l1-Gja5Bg&s", "title": "Python Package Index...", "url": "worldvectorlogo.com", "saved_image_at": "google_images/18.png"}, "19": {"image_url": "https://encrypted-tbn0.gstatic.com/images?q=tbn:ANd9GcQDklfbCpMuEq8b1qXgJdN_Ycu46988seGrPIFKiN6MYzKXw4cCmeIQfn9chQ&s", "title": "Python Logo Abstract by...", "url": "dribbble.com", "saved_image_at": "google_images/19.jpeg"}}