brand,model,released,gb_ram,cpu_model,size,resolution_size,camera_mp,popularity,weight,battery_size,has_card_slot,antutu_score,geekbench_score,battery_endurance,price,photo_link
Huawei,P40 Pro,2020-04-07,8,Kirin 990 5G,6.58,1200x2640,50,9.5,209,4200,False,496356,12848,94,553,huawei_p40_pro-pictures-10152.php
Oppo,Find X3,2021-03-19,8,Snapdragon 870 5G,6.7,1440x3216,50,2.4,193,4500,False,,,,600,oppo_find_x3-pictures-10786.php
Doogee,S88 Pro,2020-06-06,6,Helio P70,6.3,1080x2340,21,1.0,372,10000,False,168125,1447,202,228,_doogee_s88_pro-pictures-10754.php
Samsung,Galaxy S Light Luxury,2018-05-19,4,Snapdragon 660,5.8,1080x2220,16,0.2,150,3000,False,,,,400,samsung_galaxy_s_light_luxury-pictures-9202.php
Samsung,Galaxy S20,2020-03-06,8,Exynos 990,6.2,1440x3200,64,11.0,163,4000,False,525029,12557,71,619,samsung_galaxy_s20-pictures-10081.php
Samsung,Galaxy S10+,2019-03-08,8,Exynos 9820,6.4,1440x3040,16,12.0,175,4100,False,333736,10387,91,559,samsung_galaxy_s10+-pictures-9535.php
Nokia,9 PureView,2019-03-15,6,Snapdragon 845,5.99,1440x2880,12,1.3,172,3320,False,288473,8986,79,499,nokia_9_pureview-pictures-8867.php
LG,G8X ThinQ,2019-11-01,6,Snapdragon 855,6.4,1080x2340,13,2.4,192,4000,False,339726,11251,111,560,lg_g8x_thinq-pictures-9844.php
Sony,Xperia XZ2 Premium,2018-07-19,6,Snapdragon 845,5.8,3840x2160,19,1.6,236,3540,False,264734,8509,77,460,sony_xperia_xz2_premium-pictures-9166.php
Samsung,Galaxy S8,2017-04-24,4,Exynos 8895,5.8,1440x2960,12,16.0,155,3000,False,199022,6656,84,230,samsung_galaxy_s8-pictures-8161.php
Samsung,Galaxy Note10+ 5G,2019-08-19,12,Exynos 9825,6.8,1440x3040,12,2.0,198,4300,False,,,,553,samsung_galaxy_note10+_5g-pictures-9787.php
Samsung,Galaxy S20 Ultra,2020-03-15,12,Exynos 990,6.9,1440x3200,108,2.7,220,5000,False,,,,742,samsung_galaxy_s20_ultra-pictures-10084.php
Huawei,P30 Pro,2019-03-26,6,Kirin 980,6.47,1080x2340,40,7.4,192,4200,False,316156,10014,100,576,huawei_p30_pro-pictures-9635.php
Samsung,Galaxy S21+ 5G,2021-01-29,8,Exynos 2100,6.7,1080x2400,64,15.0,200,4800,False,622276,3476,114,779,samsung_galaxy_s21+_5g-pictures-10625.php
Microsoft,Lumia 950 XL Dual SIM,2015-12-19,3,Snapdragon 810,5.7,1440x2560,20,0.4,165,3300,False,,,47,350,microsoft_lumia_950_xl_dual_sim-pictures-7631.php
Meizu,17 Pro,2020-05-11,8,Snapdragon 865 5G,6.6,1080x2340,64,0.6,219,4500,False,,,,560,meizu_17_pro-pictures-10232.php
LG,V50 ThinQ 5G,2019-04-19,6,Snapdragon 855,6.4,1440x3120,16,2.7,183,4000,False,343758,10928,96,575,lg_v50_thinq_5g-pictures-9607.php
Huawei,P30 Pro New Edition,2020-06-01,6,Kirin 980,6.47,1080x2340,40,1.4,192,4200,False,,,,605,huawei_p30_pro_new_edition-pictures-10219.php
BLU,Bold N1,2019-09-19,4,Helio P70,6.4,1080x2340,16,0.1,182,3500,False,,,,168,blu_bold_n1-pictures-9855.php
Umidigi,One Max,2018-12-19,4,Helio P23,6.3,720x1520,12,0.1,205,4150,False,,,,160,_umidigi_one_max-pictures-9525.php
Honor,30 Pro+,2020-04-21,8,Kirin 990 5G,6.57,1080x2340,50,0.8,190,4000,False,510031,3191,99,662,honor_30_pro+-pictures-10187.php
Samsung,Galaxy S20 FE 5G,2020-10-02,6,Snapdragon 865 5G,6.5,1080x2400,12,20.0,190,4500,False,543986,3296,110,569,samsung_galaxy_s20_fe_5g-pictures-10377.php
Samsung,Galaxy S20+ 5G,2020-03-06,12,Exynos 990,6.7,1440x3200,64,2.9,188,4500,False,,,,697,samsung_galaxy_s20+_5g-pictures-10041.php
Xiaomi,Mi 10 5G,2020-02-14,6,Snapdragon 865 5G,6.67,1080x2340,108,4.3,208,4780,False,578056,3322,109,499,xiaomi_mi_10_5g-pictures-10082.php
Google,Pixel 4 XL,2019-10-22,6,Snapdragon 855,6.3,1440x3040,16,5.5,193,3700,False,323305,10171,73,679,google_pixel_4_xl-pictures-9895.php
Microsoft,Lumia 950 XL,2015-11-19,3,Snapdragon 810,5.7,1440x2560,20,0.7,165,3300,False,,,62,350,microsoft_lumia_950_xl-pictures-7263.php
HP,Elite x3,2016-08-19,4,Snapdragon 820,5.96,1440x2560,16,0.4,195,4150,False,,,,700,hp_elite_x3-pictures-7954.php
Microsoft,Lumia 950 Dual SIM,2015-12-19,3,Snapdragon 808,5.2,1440x2560,20,0.1,150,3000,False,,,,280,microsoft_lumia_950_dual_sim-pictures-7632.php
ZTE,Axon 10 Pro,2019-05-19,6,Snapdragon 855,6.47,1080x2340,48,0.2,175,4000,False,,,,470,zte_axon_10_pro-pictures-9695.php
Honor,V40 5G,2021-01-22,8,Dimensity 1000+,6.72,1236x2676,50,2.2,189,4000,False,,,,460,honor_v40_5g-pictures-10687.php
Huawei,Mate 30 Pro,2019-09-26,8,Kirin 990,6.53,1176x2400,40,2.1,198,4500,False,378950,11936,103,622,huawei_mate_30_pro-pictures-9885.php
BlackBerry,Evolve X,2018-08-19,6,Snapdragon 660,5.99,1080x2160,13,1.5,170,4000,False,,,,350,blackberry_evolve_x-pictures-9282.php
Samsung,Galaxy S10e,2019-03-08,6,Exynos 9820,5.8,1080x2280,16,7.5,150,3100,False,325192,10081,83,409,samsung_galaxy_s10e-pictures-9537.php
Google,Pixel 5,2020-10-15,8,Snapdragon 765G 5G,6.0,1080x2340,16,21.0,151,4080,False,,,95,676,google_pixel_5-pictures-10386.php
ZTE,Axon 9 Pro,2018-11-19,6,Snapdragon 845,6.21,1080x2248,20,,179,4000,False,,,,650,zte_axon_9_pro-pictures-9069.php
LG,V30S ThinQ,2018-03-19,6,Snapdragon 835,6.0,1440x2880,16,0.3,158,3300,False,,,,300,lg_v30s_thinq-pictures-9090.php
Samsung,Galaxy Note9,2018-08-24,6,Exynos 9810,6.4,1440x2960,12,8.4,201,4000,False,248823,9026,97,501,samsung_galaxy_note9-pictures-9163.php
LG,V60 ThinQ 5G,2020-03-20,8,Snapdragon 865 5G,6.8,1080x2460,64,3.2,213,5000,False,,,103,326,lg_v60_thinq_5g-pictures-10103.php
Huawei,Mate 30,2019-09-19,6,Kirin 990,6.62,1080x2340,40,0.8,196,4200,False,,,,550,huawei_mate_30-pictures-9886.php
Samsung,Galaxy S20 FE,2020-10-02,6,Exynos 990,6.5,1080x2400,12,14.0,190,4500,False,,,,576,samsung_galaxy_s20_fe-pictures-10428.php
OnePlus,8 Pro,2020-04-21,8,Snapdragon 865 5G,6.78,1440x3168,48,9.3,199,4510,False,573276,3374,103,684,oneplus_8_pro-pictures-9919.php
Huawei,Mate 30E Pro 5G,2020-11-01,8,Kirin 990E 5G,6.53,1176x2400,40,1.0,198,4500,False,,,,680,huawei_mate_30e_pro_5g-pictures-10555.php
Samsung,Galaxy S20 Ultra 5G,2020-03-06,12,Exynos 990,6.9,1440x3200,108,8.5,222,5000,False,415976,12191,87,761,samsung_galaxy_s20_ultra_5g-pictures-10040.php
Sony,Xperia XZ3,2018-10-05,4,Snapdragon 845,6.0,1440x2880,19,4.4,193,3300,False,284555,8607,90,510,sony_xperia_xz3-pictures-9232.php
Allview,Soul X6 Xtreme,2019-04-19,4,Helio P70,6.39,1080x2340,16,0.1,6,3450,False,,,,360,allview_soul_x6_xtreme-pictures-9685.php
Oppo,Ace2,2020-04-20,8,Snapdragon 865 5G,6.55,1080x2400,48,0.3,186,4000,False,,,,520,oppo_ace2-pictures-10164.php
LG,Velvet,2020-07-31,6,Snapdragon 845,6.8,1080x2460,48,1.7,180,4300,False,,,,304,lg_velvet-pictures-10340.php
Ulefone,Armor 10 5G,2020-12-07,8,Dimensity 800 5G,6.67,1080x2400,64,0.5,328,5800,False,,,,420,ulefone_armor_10_5g-pictures-10629.php
Samsung,Galaxy S10,2019-03-08,8,Exynos 9820,6.1,1440x3040,16,13.0,157,3400,False,328366,10174,79,522,samsung_galaxy_s10-pictures-9536.php
Samsung,Galaxy Note FE,2017-07-19,4,Exynos 8890 Octa,5.7,1440x2560,12,0.6,167,3200,False,,,,500,samsung_galaxy_note_fe-pictures-8683.php
Xiaomi,Mi Mix 3,2018-11-19,6,Snapdragon 845,6.39,1080x2340,12,1.2,218,3200,False,292353,9065,84,730,xiaomi_mi_mix_3-pictures-9378.php
Samsung,Galaxy S10 5G,2019-04-19,8,Exynos 9820,6.7,1440x3040,16,3.3,198,4500,False,,,,629,samsung_galaxy_s10_5g-pictures-9588.php
LG,G7 ThinQ,2018-06-01,4,Snapdragon 845,6.1,1440x3120,16,2.3,162,3000,False,259393,8865,77,370,lg_g7_thinq-pictures-9115.php
Panasonic,Eluga X1 Pro,2018-10-19,4,Helio P60,6.18,1080x2246,16,0.1,195,3000,False,,,,350,panasonic_eluga_x1_pro-pictures-9356.php
Google,Pixel 3,2018-10-18,4,Snapdragon 845,5.5,1080x2160,12,5.1,148,2915,False,285044,8337,69,469,google_pixel_3-pictures-9256.php
Ulefone,Armor 7,2019-10-19,8,Helio P90,6.3,1080x2340,48,0.2,290,5500,False,163017,6913,140,440,ulefone_armor_7-pictures-10020.php
Motorola,Edge+,2020-05-14,12,Snapdragon 865 5G,6.7,1080x2340,108,2.3,203,5000,False,574155,3295,100,688,motorola_edge+-pictures-10119.php
Sharp,Aquos S3 High,2018-07-19,8,Snapdragon 660,6.0,1080x2160,13,0.1,4,3200,False,,,,400,sharp_aquos_s3_high-pictures-9233.php
Samsung,Galaxy S8+,2017-04-19,4,Exynos 8895,6.2,1440x2960,12,5.0,173,3500,False,,6754,88,430,samsung_galaxy_s8+-pictures-8523.php
Microsoft,Lumia 950,2015-11-19,3,Snapdragon 808,5.2,1440x2560,20,0.5,150,3000,False,,,48,280,microsoft_lumia_950-pictures-7262.php
Kyocera,DuraForce Pro 2,2018-11-19,4,Snapdragon 630,5.0,1080x1920,13,0.3,243,3240,False,,,,372,kyocera_duraforce_pro_2-pictures-9407.php
Huawei,Mate 40E,2021-03-18,8,Kirin 990E 5G,6.5,1080x2376,64,3.0,188,4200,False,,,,600,huawei_mate_40e-pictures-10783.php
LG,Velvet 5G UW,2020-08-21,6,Snapdragon 765G 5G,6.8,1080x2460,48,0.9,,4300,False,,,,588,lg_velvet_5g_uw-pictures-10378.php
Samsung,Galaxy S9,2018-03-09,4,Exynos 9810,5.8,1440x2960,12,9.4,163,3000,False,250156,8830,78,370,samsung_galaxy_s9-pictures-8966.php
Xiaomi,Mi 10S,2021-03-12,8,Snapdragon 870 5G,6.67,1080x2340,108,6.6,208,4780,False,,,,561,xiaomi_mi_10s-pictures-10780.php
LG,V35 ThinQ,2018-06-19,6,Snapdragon 845,6.0,1440x2880,16,0.6,157,3300,False,,,,350,lg_v35_thinq-pictures-9191.php
Samsung,Galaxy Note7 (USA),2016-08-19,4,Snapdragon 820,5.7,1440x2560,12,0.1,169,3500,False,,,81,760,samsung_galaxy_note7_(usa)-pictures-8242.php
Meizu,18 Pro,2021-03-08,8,Snapdragon 888 5G,6.7,1440x3200,50,2.7,189,4500,False,,,,640,meizu_18_pro-pictures-10751.php
Xiaomi,Mi Mix 2S,2018-04-19,6,Snapdragon 845,5.99,1080x2160,12,0.7,191,3400,False,270814,9158,59,270,xiaomi_mi_mix_2s-pictures-9067.php
Samsung,Galaxy S20 5G,2020-03-06,8,Exynos 990,6.2,1440x3200,64,3.2,163,4000,False,,,,745,samsung_galaxy_s20_5g-pictures-10044.php
Samsung,Galaxy Note20,2020-08-21,8,Exynos 990,6.7,1080x2400,64,5.8,192,4300,False,,,,644,samsung_galaxy_note20-pictures-10338.php
LG,G8S ThinQ,2019-07-02,6,Snapdragon 855,6.21,1080x2248,13,0.7,181,3550,False,,,,480,lg_g8s_thinq-pictures-9608.php
BLU,Vivo XI+,2018-08-19,4,Helio P60,6.2,1080x2246,16,0.1,199,3050,False,,,,277,blu_vivo_xi+-pictures-9307.php
Xiaomi,Mi 10 Ultra,2020-08-16,8,Snapdragon 865 5G,6.67,1080x2340,48,3.1,8,4500,False,,,,650,xiaomi_mi_10_ultra-pictures-10361.php
Xiaomi,Mi Mix 3 5G,2019-05-19,6,Snapdragon 855,6.39,1080x2340,12,0.6,225,3800,False,,,,410,xiaomi_mi_mix_3_5g-pictures-9602.php
Huawei,Mate 30 5G,2019-10-19,6,Kirin 990 5G,6.62,1080x2340,40,0.2,196,4200,False,,,,650,huawei_mate_30_5g-pictures-9881.php
Xiaomi,Mi 9 Explorer,2019-06-19,8,Snapdragon 855,6.39,1080x2340,48,0.3,173,3300,False,,,,530,xiaomi_mi_9_explorer-pictures-9584.php
BLU,G90 Pro,2020-08-25,4,Helio G90T,6.5,1080x2340,48,0.3,215,5100,False,,,,168,blu_g90_pro-pictures-10403.php
Samsung,Galaxy Note10,2019-08-23,8,Exynos 9825,6.3,1080x2280,12,7.1,168,3500,False,344442,10353,92,489,samsung_galaxy_note10-pictures-9788.php
LG,V40 ThinQ,2018-10-16,6,Snapdragon 845,6.4,1440x3120,16,2.1,169,3300,False,254304,8568,64,330,lg_v40_thinq-pictures-9300.php
Ulefone,Armor 7E,2020-03-30,4,Helio P90,6.3,1080x2340,48,0.1,290,5500,False,,,,250,ulefone_armor_7e-pictures-10165.php
Samsung,Galaxy S9+,2018-03-19,6,Exynos 9810,6.2,1440x2960,12,7.6,189,3500,False,246660,8883,86,420,samsung_galaxy_s9+-pictures-8967.php
Samsung,Galaxy S20+,2020-03-06,8,Exynos 990,6.7,1440x3200,64,5.9,186,4500,False,500114,2703,87,610,samsung_galaxy_s20+-pictures-10080.php
LG,V30,2017-12-05,4,Snapdragon 835,6.0,1440x2880,16,1.6,158,3300,False,182374,6365,93,500,lg_v30-pictures-8712.php
Xiaomi,Mi 11 Pro,2021-04-02,8,Snapdragon 888 5G,6.81,1440x3200,50,15.0,208,5000,False,,,,923,xiaomi_mi_11_pro-pictures-10816.php
LG,G7 One,2018-10-19,4,Snapdragon 835,6.1,1440x3120,16,0.3,156,3000,False,,,,350,lg_g7_one-pictures-9304.php
Xiaomi,Mi 9 Pro,2019-09-19,8,Snapdragon 855+,6.39,1080x2340,48,0.7,196,4000,False,,,,500,xiaomi_mi_9_pro-pictures-9891.php
ZTE,Blade 11 Prime,2021-04-27,4,Helio P22,6.52,720x1600,16,0.4,190,4000,False,,,,160,zte_blade_11_prime-pictures-10885.php
Xiaomi,Mi 9 Pro 5G,2019-09-19,8,Snapdragon 855+,6.39,1080x2340,48,0.5,196,4000,False,,,,600,xiaomi_mi_9_pro_5g-pictures-9892.php
Samsung,Galaxy Note8,2017-09-19,6,Exynos 8895,6.3,1440x2960,12,6.3,195,3300,False,201065,6784,89,500,samsung_galaxy_note8-pictures-8505.php
LG,G6,2017-04-07,4,Snapdragon 821,5.7,1440x2880,13,2.0,163,3300,False,158785,4175,72,240,lg_g6-pictures-8466.php
Huawei,Mate 40,2020-12-21,8,Kirin 9000E 5G,6.5,1080x2376,50,1.6,184,4200,False,,,,914,huawei_mate_40-pictures-10553.php
TCL,20 Pro 5G,2021-04-14,6,Snapdragon 750G 5G,6.67,1080x2400,48,1.7,190,4500,False,,,,578,tcl_20_pro_5g-pictures-10855.php
Samsung,Galaxy S8 Active,2017-08-19,4,Snapdragon 835,5.8,1440x2960,12,0.6,1,4000,False,,6314,111,714,samsung_galaxy_s8_active-pictures-8676.php
Xiaomi,Mi 9,2019-03-25,6,Snapdragon 855,6.39,1080x2340,48,2.9,173,3300,False,372006,11181,95,590,xiaomi_mi_9-pictures-9507.php
Sony,Xperia XZ2,2018-04-20,4,Snapdragon 845,5.7,1080x2160,19,2.8,198,3180,False,259244,8466,88,360,sony_xperia_xz2-pictures-9081.php
LG,Velvet 5G,2020-05-15,6,Snapdragon 765G 5G,6.8,1080x2460,48,4.5,180,4300,False,297372,1905,79,429,lg_velvet_5g-pictures-10209.php
Google,Pixel 3 XL,2018-10-18,4,Snapdragon 845,6.3,1440x2960,12,4.2,184,3430,False,258244,8088,,438,google_pixel_3_xl-pictures-9257.php
Samsung,Galaxy Note10+,2019-08-23,12,Exynos 9825,6.8,1440x3040,12,11.0,196,4300,False,342208,10403,107,729,samsung_galaxy_note10+-pictures-9732.php
Samsung,Galaxy Note20 5G,2020-08-21,8,Exynos 990,6.7,1080x2400,64,2.6,192,4300,False,,,,731,samsung_galaxy_note20_5g-pictures-10325.php
LG,G8 ThinQ,2019-04-11,6,Snapdragon 855,6.1,1440x3120,16,2.6,167,3500,False,331537,10735,79,350,lg_g8_thinq-pictures-9540.php
Ulefone,Armor 11 5G,2021-03-08,8,Dimensity 800 5G,6.1,720x1560,48,1.1,295,5200,False,,,,479,ulefone_armor_11_5g-pictures-10782.php
Honor,V30 Pro,2019-12-19,8,Kirin 990 5G,6.57,1080x2400,40,0.3,206,4100,False,381241,12824,,500,honor_v30_pro-pictures-9976.php
Allview,Soul X5 Pro,2018-06-19,4,Helio P60,6.2,1080x2246,16,,210,3000,False,,,,330,allview_soul_x5_pro-pictures-9252.php
Google,Pixel 4,2019-10-22,6,Snapdragon 855,5.7,1080x2280,16,4.8,162,2800,False,395351,2542,62,413,google_pixel_4-pictures-9896.php
Xiaomi,Mi 11,2021-01-01,8,Snapdragon 888 5G,6.81,1440x3200,108,20.0,194,4600,False,668722,3489,89,659,xiaomi_mi_11-pictures-10656.php
