{"0": {"image_url": "https://encrypted-tbn0.gstatic.com/images?q=tbn:ANd9GcRwc9Rc2nPlUh9gpmjWxsx0HILneWk8P97Wg4QhsSeI8957GPbJ49ViQC8Rnw&s", "title": "El Pythonista...", "url": "twitter.com", "saved_image_at": "google_images_ep/0.jpeg"}, "1": {"image_url": "https://encrypted-tbn0.gstatic.com/images?q=tbn:ANd9GcQmNCJ_qKfa2mOvKjJou89RL8z5xoSvajF3C7_TnhuimcIyBEMGlU-0v8j_3J8&s", "title": "\u25b7 Python - El Pythonista", "url": "elpythonista.com", "saved_image_at": "google_images_ep/1.png"}, "2": {"image_url": "https://encrypted-tbn0.gstatic.com/images?q=tbn:ANd9GcTD-yJkC0GWztRgH96DcEhYtZrBSLp8ZCMDpN0TGOgivm-PfRMhCjOgjJJhcg&s", "title": "\u25b7 Python - El Pythonista", "url": "elpythonista.com", "saved_image_at": "google_images_ep/2.jpeg"}, "3": {"image_url": "https://encrypted-tbn0.gstatic.com/images?q=tbn:ANd9GcTev9QPpDg8hovye08wS7pqvnFWSBvMRJdKbZqWw-ws2ry-i0li56OhWaJ3VLY&s", "title": "\u25b7 Python - El Pythonista", "url": "elpythonista.com", "saved_image_at": "google_images_ep/3.png"}, "4": {"image_url": "https://encrypted-tbn0.gstatic.com/images?q=tbn:ANd9GcSh5_HXqD-0hpzMfzN0XeHNjN-VWnysFgD4gpB44oUOec8b7BROQe7aGTV9Mg&s", "title": "El Pythonista - Photos |...", "url": "www.facebook.com", "saved_image_at": "google_images_ep/4.png"}, "5": {"image_url": "https://encrypted-tbn0.gstatic.com/images?q=tbn:ANd9GcRBuHQoPLYdOEPxax-EnIg_2VaXkoHHvMj1PeWVtMc3q_bhSgPu34YiNM9M_-4&s", "title": "\u25b7 Python - El Pythonista", "url": "elpythonista.com", "saved_image_at": "google_images_ep/5.png"}, "6": {"image_url": "https://encrypted-tbn0.gstatic.com/images?q=tbn:ANd9GcSB0MevpMc7Lv_1g2-IUM5tGl_OMNrNlDdoJe5n9YlA-S8EJTuAZStroCVBqw&s", "title": "\u25b7 Python - El Pythonista", "url": "elpythonista.com", "saved_image_at": "google_images_ep/6.png"}, "7": {"image_url": "https://encrypted-tbn0.gstatic.com/images?q=tbn:ANd9GcTd3ssyZs6tSKRw1zqwYbdE8DMBvjhyFmD8RlxmdX235bP_9N48zWfr_ednm5A&s", "title": "\u25b7 Python - El Pythonista", "url": "elpythonista.com", "saved_image_at": "google_images_ep/7.png"}, "8": {"image_url": "https://encrypted-tbn0.gstatic.com/images?q=tbn:ANd9GcRNvq2uv6aaLKPGMzkjdLjEdb67bZT-sMNLpPOlNsCuPSHSqXlVAZb94WfP_7c&s", "title": "El Pythonista - Photos |...", "url": "www.facebook.com", "saved_image_at": "google_images_ep/8.jpeg"}, "9": {"image_url": "https://encrypted-tbn0.gstatic.com/images?q=tbn:ANd9GcThZcws-oBO2HVOQwgUyMXRrahTldLaNqJLZ0BLia8QDhwOE9SmC-pNVog4vA&s", "title": "\u25b7 Python - El Pythonista", "url": "elpythonista.com", "saved_image_at": "google_images_ep/9.jpeg"}, "10": {"image_url": "https://encrypted-tbn0.gstatic.com/images?q=tbn:ANd9GcToD0iPbg3EqfMNW0-zUzCc50VkT5Ldx3eDuDD7SVQtigi86-HOXimbSts15w&s", "title": "El Pythonista...", "url": "twitter.com", "saved_image_at": "google_images_ep/10.jpeg"}, "11": {"image_url": "https://encrypted-tbn0.gstatic.com/images?q=tbn:ANd9GcTWx7Ji7ilaZhTv8z1DUTqYprrgUBYoZWr7kA6fRvB_WiLGP9ohHhAyY_A59Y4&s", "title": "Python a fondo (Spanish...", "url": "www.amazon.in", "saved_image_at": "google_images_ep/11.jpeg"}, "12": {"image_url": "https://encrypted-tbn0.gstatic.com/images?q=tbn:ANd9GcTS4NB1_v1EkFXUoF4fAjda5Ba7_UIyqbsZcWOsslbeMA--6C0PcqMHVyVz6g&s", "title": "\u25b7 Review of Flask Web...", "url": "elpythonista.com", "saved_image_at": "google_images_ep/12.jpeg"}, "13": {"image_url": "https://encrypted-tbn0.gstatic.com/images?q=tbn:ANd9GcQ6zveqqwzNb60g9vwzCqE9Qg8IgudIgzq6yAJnn8Z2dV4TBCgIU3kTUL6jdA&s", "title": "El Pythonista...", "url": "twitter.com", "saved_image_at": "google_images_ep/13.jpeg"}, "14": {"image_url": "https://encrypted-tbn0.gstatic.com/images?q=tbn:ANd9GcREpgCIdwc34XWP3bpLS768MY04UyA6fm68KUGeQFckGkVZO21twQ9uyQscPg&s", "title": "El Pythonista - Photos |...", "url": "www.facebook.com", "saved_image_at": "google_images_ep/14.jpeg"}, "15": {"image_url": "https://encrypted-tbn0.gstatic.com/images?q=tbn:ANd9GcQwK_ZqzsHmZ5KMxrtQ350BvQzDIQoVax9taMHeHZqjT4ZfMn8XVUXExDDL3_A&s", "title": "Top 77 Similar websites...", "url": "www.sitelike.org", "saved_image_at": "google_images_ep/15.png"}, "16": {"image_url": "https://encrypted-tbn0.gstatic.com/images?q=tbn:ANd9GcQ6nMca0Zkn2q-I15Ia9I468s7eIqOAtJXO-tzWP5wcGv_20FXtHony3Eo1FSM&s", "title": "\u25b7 Python - El Pythonista", "url": "elpythonista.com", "saved_image_at": "google_images_ep/16.jpeg"}, "17": {"image_url": "https://encrypted-tbn0.gstatic.com/images?q=tbn:ANd9GcRfV0vUgEN4yqjFhn1Y0GmEJPQVYvftFITcjOFfhBfTQbSKxDYhDKxG4A6-5g&s", "title": "Liasis olivaceus \u2013...", "url": "pt.wikipedia.org", "saved_image_at": "google_images_ep/17.jpeg"}, "18": {"image_url": "https://encrypted-tbn0.gstatic.com/images?q=tbn:ANd9GcSUsNZIpVb1ui52XjJPCnZIOhBGWTSGYAS7Qak01E-EHkWqYGL3p9HzI_pKZA&s", "title": "P\u00edtia \u2013 Wikip\u00e9dia, a...", "url": "pt.wikipedia.org", "saved_image_at": "google_images_ep/18.jpeg"}, "19": {"image_url": "https://encrypted-tbn0.gstatic.com/images?q=tbn:ANd9GcSpDybmn0SV6MrkrbG1FalPT1LTxa02gcnvbBAKvwltt37zYTxFwELPK_YyaL8&s", "title": "\u25b7 Python - El Pythonista", "url": "elpythonista.com", "saved_image_at": "google_images_ep/19.jpeg"}}